Sequence,Start,End,Match,Length of Match,Accuracy (%),Strand,Description
A. baumanii ATCC 17978 NZ_CP012004,11752,11766,TTACAAACCATTAGA,15,93.33,Plus,
A. baumanii ATCC 17978 NZ_CP012004,89369,89383,TTACACTATTTTATA,15,93.33,Plus,
A. baumanii ATCC 17978 NZ_CP012004,97124,97138,TTACAGATCGTTAAA,15,93.33,Plus,
A. baumanii ATCC 17978 NZ_CP012004,105072,105086,TTACAAGCCGTTACA,15,100,Plus,
A. baumanii ATCC 17978 NZ_CP012004,138762,138776,TTACAATAAGTTTCA,15,93.33,Plus,
A. baumanii ATCC 17978 NZ_CP012004,148791,148805,TAACAAACCATTACA,15,93.33,Plus,
A. baumanii ATCC 17978 NZ_CP012004,155795,155809,TTTCATCGAGTTACA,15,93.33,Plus,
A. baumanii ATCC 17978 NZ_CP012004,158297,158311,TTAAAATCTTTTACA,15,93.33,Plus,
A. baumanii ATCC 17978 NZ_CP012004,158312,158326,TTCCACTTCCTTACA,15,93.33,Plus,
A. baumanii ATCC 17978 NZ_CP012004,161822,161836,TTAGAAATGCTTACA,15,93.33,Plus,
A. baumanii ATCC 17978 NZ_CP012004,195526,195540,TTATAAAGAATTACA,15,93.33,Plus,
A. baumanii ATCC 17978 NZ_CP012004,212392,212406,TTAAAAATAATTACA,15,93.33,Plus,
A. baumanii ATCC 17978 NZ_CP012004,239416,239430,TTACAGTTTCTTAAA,15,93.33,Plus,
A. baumanii ATCC 17978 NZ_CP012004,247909,247923,TTACAACTACTTTCA,15,93.33,Plus,
A. baumanii ATCC 17978 NZ_CP012004,251229,251243,TTACAACGATTTACT,15,93.33,Plus,
A. baumanii ATCC 17978 NZ_CP012004,262479,262493,TTTCACTGCGTTACA,15,93.33,Plus,
A. baumanii ATCC 17978 NZ_CP012004,282338,282352,TTTCAGGCAGTTACA,15,93.33,Plus,
A. baumanii ATCC 17978 NZ_CP012004,286645,286659,TTACACTGATTTATA,15,93.33,Plus,
A. baumanii ATCC 17978 NZ_CP012004,307056,307070,TTACAAAACTTTTCA,15,93.33,Plus,
A. baumanii ATCC 17978 NZ_CP012004,378620,378634,TTACAGTTTTTTATA,15,93.33,Plus,
A. baumanii ATCC 17978 NZ_CP012004,382301,382315,GTACAGCAGCTTACA,15,93.33,Plus,
A. baumanii ATCC 17978 NZ_CP012004,448074,448088,TTAAAGCACGTTACA,15,93.33,Plus,
A. baumanii ATCC 17978 NZ_CP012004,459532,459546,TTAGACAATTTTACA,15,93.33,Plus,
A. baumanii ATCC 17978 NZ_CP012004,489830,489844,TTAAAGTTTGTTACA,15,93.33,Plus,
A. baumanii ATCC 17978 NZ_CP012004,503978,503992,TTATACCAAGTTACA,15,93.33,Plus,
A. baumanii ATCC 17978 NZ_CP012004,544223,544237,TTACATGGTATTAAA,15,93.33,Plus,
A. baumanii ATCC 17978 NZ_CP012004,552041,552055,TTACATCGCTTTGCA,15,93.33,Plus,
A. baumanii ATCC 17978 NZ_CP012004,607056,607070,TTCCACATGGTTACA,15,93.33,Plus,
A. baumanii ATCC 17978 NZ_CP012004,615401,615415,TTACATCAGGTCACA,15,93.33,Plus,
A. baumanii ATCC 17978 NZ_CP012004,636697,636711,TTACACGAGCTTTCA,15,93.33,Plus,
A. baumanii ATCC 17978 NZ_CP012004,640712,640726,TTACAACGTATTAAA,15,93.33,Plus,
A. baumanii ATCC 17978 NZ_CP012004,644385,644399,TTACACTTGCTTCCA,15,93.33,Plus,
A. baumanii ATCC 17978 NZ_CP012004,718962,718976,TTACAACCTGTTAAA,15,93.33,Plus,
A. baumanii ATCC 17978 NZ_CP012004,731271,731285,TTACATGAGTTTACC,15,93.33,Plus,
A. baumanii ATCC 17978 NZ_CP012004,766792,766806,TTCCAGCAACTTACA,15,93.33,Plus,
A. baumanii ATCC 17978 NZ_CP012004,817941,817955,ATACAGGACCTTACA,15,93.33,Plus,
A. baumanii ATCC 17978 NZ_CP012004,837375,837389,TTACAAGCATTTACG,15,93.33,Plus,
A. baumanii ATCC 17978 NZ_CP012004,848610,848624,TTACAAGGTGTTACT,15,93.33,Plus,
A. baumanii ATCC 17978 NZ_CP012004,893329,893343,TTACAGAACGTTTCA,15,93.33,Plus,
A. baumanii ATCC 17978 NZ_CP012004,893584,893598,TTACATGCTATAACA,15,93.33,Plus,
A. baumanii ATCC 17978 NZ_CP012004,966988,967002,TTACCATAACTTACA,15,93.33,Plus,
A. baumanii ATCC 17978 NZ_CP012004,971594,971608,TTACATGAAACTACA,15,93.33,Plus,
A. baumanii ATCC 17978 NZ_CP012004,1025152,1025166,TTACAATAGCTTGCA,15,93.33,Plus,
A. baumanii ATCC 17978 NZ_CP012004,1047940,1047954,TTACACAGGCTTATA,15,93.33,Plus,
A. baumanii ATCC 17978 NZ_CP012004,1067306,1067320,TTGCAACCGTTTACA,15,93.33,Plus,
A. baumanii ATCC 17978 NZ_CP012004,1139260,1139274,TTACCGGGTATTACA,15,93.33,Plus,
A. baumanii ATCC 17978 NZ_CP012004,1180467,1180481,TTACATAGTGTTGCA,15,93.33,Plus,
A. baumanii ATCC 17978 NZ_CP012004,1202293,1202307,TTACATTAGATTAAA,15,93.33,Plus,
A. baumanii ATCC 17978 NZ_CP012004,1214981,1214995,TTAAATACATTTACA,15,93.33,Plus,
A. baumanii ATCC 17978 NZ_CP012004,1222156,1222170,TTACAATTTCTTGCA,15,93.33,Plus,
A. baumanii ATCC 17978 NZ_CP012004,1267720,1267734,TTACCTAAGTTTACA,15,93.33,Plus,
A. baumanii ATCC 17978 NZ_CP012004,1336159,1336173,TTAGATATGGTTACA,15,93.33,Plus,
A. baumanii ATCC 17978 NZ_CP012004,1337253,1337267,TTACCCACATTTACA,15,93.33,Plus,
A. baumanii ATCC 17978 NZ_CP012004,1345670,1345684,TTACAGCTCGATACA,15,93.33,Plus,
A. baumanii ATCC 17978 NZ_CP012004,1398310,1398324,TTACATAAGTTTACT,15,93.33,Plus,
A. baumanii ATCC 17978 NZ_CP012004,1448261,1448275,TTATATTGCTTTACA,15,93.33,Plus,
A. baumanii ATCC 17978 NZ_CP012004,1450832,1450846,TTAAAACAGCTTACA,15,93.33,Plus,
A. baumanii ATCC 17978 NZ_CP012004,1517791,1517805,TTACAAATGTTCACA,15,93.33,Plus,
A. baumanii ATCC 17978 NZ_CP012004,1540023,1540037,TTACAACTATTTCCA,15,93.33,Plus,
A. baumanii ATCC 17978 NZ_CP012004,1541170,1541184,TTACGAATAATTACA,15,93.33,Plus,
A. baumanii ATCC 17978 NZ_CP012004,1541497,1541511,TTACCAGTTTTTACA,15,93.33,Plus,
A. baumanii ATCC 17978 NZ_CP012004,1549427,1549441,TTACAGCAGGTTATA,15,93.33,Plus,
A. baumanii ATCC 17978 NZ_CP012004,1554768,1554782,TTACAAGTTGTTATA,15,93.33,Plus,
A. baumanii ATCC 17978 NZ_CP012004,1554959,1554973,TTACAATAAATTACC,15,93.33,Plus,
A. baumanii ATCC 17978 NZ_CP012004,1558264,1558278,TTACAAGAAGTTAGA,15,93.33,Plus,
A. baumanii ATCC 17978 NZ_CP012004,1565877,1565891,TTACAGAATTTTTCA,15,93.33,Plus,
A. baumanii ATCC 17978 NZ_CP012004,1613508,1613522,TTCCAACAGATTACA,15,93.33,Plus,
A. baumanii ATCC 17978 NZ_CP012004,1621357,1621371,TTACATTCTGTTACA,15,100,Plus,
A. baumanii ATCC 17978 NZ_CP012004,1633905,1633919,TTACTGTGCCTTACA,15,93.33,Plus,
A. baumanii ATCC 17978 NZ_CP012004,1670426,1670440,TTACAGAACTTTAAA,15,93.33,Plus,
A. baumanii ATCC 17978 NZ_CP012004,1673691,1673705,GTACAAAAGTTTACA,15,93.33,Plus,
A. baumanii ATCC 17978 NZ_CP012004,1697883,1697897,TTAGAAACTTTTACA,15,93.33,Plus,
A. baumanii ATCC 17978 NZ_CP012004,1735009,1735023,TTACAAACTATTAAA,15,93.33,Plus,
A. baumanii ATCC 17978 NZ_CP012004,1765171,1765185,TTACAGGTGCTTAAA,15,93.33,Plus,
A. baumanii ATCC 17978 NZ_CP012004,1777905,1777919,TTACAGGCTTTAACA,15,93.33,Plus,
A. baumanii ATCC 17978 NZ_CP012004,1804394,1804408,TTACAAGGAGTTAGA,15,93.33,Plus,
A. baumanii ATCC 17978 NZ_CP012004,1807493,1807507,TTACAGCCAATTTCA,15,93.33,Plus,
A. baumanii ATCC 17978 NZ_CP012004,1817528,1817542,TTACACCGAATTAAA,15,93.33,Plus,
A. baumanii ATCC 17978 NZ_CP012004,1857992,1858006,TTCCAAAAAATTACA,15,93.33,Plus,
A. baumanii ATCC 17978 NZ_CP012004,1923588,1923602,TTACACTGACCTACA,15,93.33,Plus,
A. baumanii ATCC 17978 NZ_CP012004,1926823,1926837,TTTCATTGGTTTACA,15,93.33,Plus,
A. baumanii ATCC 17978 NZ_CP012004,1927566,1927580,TTACACGGGCTTATA,15,93.33,Plus,
A. baumanii ATCC 17978 NZ_CP012004,1939582,1939596,TTACAGGCCTATACA,15,93.33,Plus,
A. baumanii ATCC 17978 NZ_CP012004,1951774,1951788,TCACAATAAATTACA,15,93.33,Plus,
A. baumanii ATCC 17978 NZ_CP012004,1956936,1956950,TTCCAGCATTTTACA,15,93.33,Plus,
A. baumanii ATCC 17978 NZ_CP012004,1980727,1980741,CTACAGACACTTACA,15,93.33,Plus,
A. baumanii ATCC 17978 NZ_CP012004,2059594,2059608,TTACCGCCACTTACA,15,93.33,Plus,
A. baumanii ATCC 17978 NZ_CP012004,2063613,2063627,TTTCATGAATTTACA,15,93.33,Plus,
A. baumanii ATCC 17978 NZ_CP012004,2086009,2086023,TTACACCAGTTTACT,15,93.33,Plus,
A. baumanii ATCC 17978 NZ_CP012004,2086212,2086226,CTACAGAAGCTTACA,15,93.33,Plus,
A. baumanii ATCC 17978 NZ_CP012004,2088427,2088441,TTACAAACATTTGCA,15,93.33,Plus,
A. baumanii ATCC 17978 NZ_CP012004,2097859,2097873,TTATATCCGTTTACA,15,93.33,Plus,
A. baumanii ATCC 17978 NZ_CP012004,2146906,2146920,TTAAAACATTTTACA,15,93.33,Plus,
A. baumanii ATCC 17978 NZ_CP012004,2172105,2172119,TTACAAACACTTACA,15,100,Plus,
A. baumanii ATCC 17978 NZ_CP012004,2173849,2173863,TTACAAGCGATTAAA,15,93.33,Plus,
A. baumanii ATCC 17978 NZ_CP012004,2188461,2188475,GTACAAGTCATTACA,15,93.33,Plus,
A. baumanii ATCC 17978 NZ_CP012004,2189163,2189177,TTACACTTGTTTACA,15,100,Plus,
A. baumanii ATCC 17978 NZ_CP012004,2189173,2189187,TTACACAAAGATACA,15,93.33,Plus,
A. baumanii ATCC 17978 NZ_CP012004,2194346,2194360,TTACACATCATTACC,15,93.33,Plus,
A. baumanii ATCC 17978 NZ_CP012004,2207250,2207264,TTACAATCAATTAAA,15,93.33,Plus,
A. baumanii ATCC 17978 NZ_CP012004,2213159,2213173,TTATATAAAATTACA,15,93.33,Plus,
A. baumanii ATCC 17978 NZ_CP012004,2218878,2218892,TTATAAAGCTTTACA,15,93.33,Plus,
A. baumanii ATCC 17978 NZ_CP012004,2325555,2325569,TTACATCAACTGACA,15,93.33,Plus,
A. baumanii ATCC 17978 NZ_CP012004,2327728,2327742,TTAAAACCTATTACA,15,93.33,Plus,
A. baumanii ATCC 17978 NZ_CP012004,2333912,2333926,TTAAACACCTTTACA,15,93.33,Plus,
A. baumanii ATCC 17978 NZ_CP012004,2335883,2335897,TTACAGATAATTAAA,15,93.33,Plus,
A. baumanii ATCC 17978 NZ_CP012004,2341400,2341414,TTACATCCCCTTACC,15,93.33,Plus,
A. baumanii ATCC 17978 NZ_CP012004,2343632,2343646,TTATATTTTTTTACA,15,93.33,Plus,
A. baumanii ATCC 17978 NZ_CP012004,2351988,2352002,TTAAACCTACTTACA,15,93.33,Plus,
A. baumanii ATCC 17978 NZ_CP012004,2409777,2409791,TTACATAAGCTTAAA,15,93.33,Plus,
A. baumanii ATCC 17978 NZ_CP012004,2420193,2420207,TTACAGGCTTTCACA,15,93.33,Plus,
A. baumanii ATCC 17978 NZ_CP012004,2474866,2474880,TTAAACATGCTTACA,15,93.33,Plus,
A. baumanii ATCC 17978 NZ_CP012004,2489355,2489369,TTACAGAAATTTAAA,15,93.33,Plus,
A. baumanii ATCC 17978 NZ_CP012004,2513644,2513658,TTGCACAGCTTTACA,15,93.33,Plus,
A. baumanii ATCC 17978 NZ_CP012004,2524665,2524679,TTACACGTTTTTAAA,15,93.33,Plus,
A. baumanii ATCC 17978 NZ_CP012004,2535868,2535882,TTACCCTGTGTTACA,15,93.33,Plus,
A. baumanii ATCC 17978 NZ_CP012004,2557027,2557041,TTACACCGTTTTAAA,15,93.33,Plus,
A. baumanii ATCC 17978 NZ_CP012004,2563612,2563626,TTACATGTTTTTGCA,15,93.33,Plus,
A. baumanii ATCC 17978 NZ_CP012004,2583007,2583021,TTACACCATATTGCA,15,93.33,Plus,
A. baumanii ATCC 17978 NZ_CP012004,2584596,2584610,TTTCATTAAGTTACA,15,93.33,Plus,
A. baumanii ATCC 17978 NZ_CP012004,2603934,2603948,TTAAATAAATTTACA,15,93.33,Plus,
A. baumanii ATCC 17978 NZ_CP012004,2615806,2615820,TTACAATTTGTTAAA,15,93.33,Plus,
A. baumanii ATCC 17978 NZ_CP012004,2621279,2621293,TTACAATTACTTCCA,15,93.33,Plus,
A. baumanii ATCC 17978 NZ_CP012004,2646717,2646731,TCACATTTATTTACA,15,93.33,Plus,
A. baumanii ATCC 17978 NZ_CP012004,2680374,2680388,TTAGACGGTGTTACA,15,93.33,Plus,
A. baumanii ATCC 17978 NZ_CP012004,2699811,2699825,TTTCAGGTATTTACA,15,93.33,Plus,
A. baumanii ATCC 17978 NZ_CP012004,2707052,2707066,TTTCAATCTATTACA,15,93.33,Plus,
A. baumanii ATCC 17978 NZ_CP012004,2708658,2708672,ATACAAGTGTTTACA,15,93.33,Plus,
A. baumanii ATCC 17978 NZ_CP012004,2715824,2715838,TTACAGACTTTTAAA,15,93.33,Plus,
A. baumanii ATCC 17978 NZ_CP012004,2738707,2738721,TTACAAAACTTTACT,15,93.33,Plus,
A. baumanii ATCC 17978 NZ_CP012004,2743514,2743528,TTACATCGTTTTACA,15,100,Plus,
A. baumanii ATCC 17978 NZ_CP012004,2756036,2756050,TTACAAGAAATTAAA,15,93.33,Plus,
A. baumanii ATCC 17978 NZ_CP012004,2761983,2761997,TTACCGCGTTTTACA,15,93.33,Plus,
A. baumanii ATCC 17978 NZ_CP012004,2771715,2771729,TTGCAGAGCGTTACA,15,93.33,Plus,
A. baumanii ATCC 17978 NZ_CP012004,2786014,2786028,TTACAAACTTATACA,15,93.33,Plus,
A. baumanii ATCC 17978 NZ_CP012004,2870663,2870677,TTGCAAAACATTACA,15,93.33,Plus,
A. baumanii ATCC 17978 NZ_CP012004,2874753,2874767,TTACAATCTTTTCCA,15,93.33,Plus,
A. baumanii ATCC 17978 NZ_CP012004,2899168,2899182,TTTCAATCACTTACA,15,93.33,Plus,
A. baumanii ATCC 17978 NZ_CP012004,2916684,2916698,TTACAAAATATTCCA,15,93.33,Plus,
A. baumanii ATCC 17978 NZ_CP012004,2950141,2950155,TTACAACGTATTAAA,15,93.33,Plus,
A. baumanii ATCC 17978 NZ_CP012004,2988479,2988493,TTATAGTGCGTTACA,15,93.33,Plus,
A. baumanii ATCC 17978 NZ_CP012004,2989688,2989702,TTACACCTCTTTGCA,15,93.33,Plus,
A. baumanii ATCC 17978 NZ_CP012004,3042356,3042370,TAACAGAATTTTACA,15,93.33,Plus,
A. baumanii ATCC 17978 NZ_CP012004,3052663,3052677,TTTCATGTTTTTACA,15,93.33,Plus,
A. baumanii ATCC 17978 NZ_CP012004,3058079,3058093,TTACAACAACTTATA,15,93.33,Plus,
A. baumanii ATCC 17978 NZ_CP012004,3084933,3084947,ATACACACGTTTACA,15,93.33,Plus,
A. baumanii ATCC 17978 NZ_CP012004,3090553,3090567,TTACACAACTTGACA,15,93.33,Plus,
A. baumanii ATCC 17978 NZ_CP012004,3125327,3125341,TTTCATAATCTTACA,15,93.33,Plus,
A. baumanii ATCC 17978 NZ_CP012004,3139928,3139942,TTAAAAAGTTTTACA,15,93.33,Plus,
A. baumanii ATCC 17978 NZ_CP012004,3143734,3143748,TTACATAAGCTTACT,15,93.33,Plus,
A. baumanii ATCC 17978 NZ_CP012004,3169113,3169127,TTAAAGTGCTTTACA,15,93.33,Plus,
A. baumanii ATCC 17978 NZ_CP012004,3170263,3170277,TTACAAATTATTAAA,15,93.33,Plus,
A. baumanii ATCC 17978 NZ_CP012004,3183443,3183457,TTACAAAACATTCCA,15,93.33,Plus,
A. baumanii ATCC 17978 NZ_CP012004,3187386,3187400,TTACAGGCACTTTCA,15,93.33,Plus,
A. baumanii ATCC 17978 NZ_CP012004,3191617,3191631,TTACACAAAAATACA,15,93.33,Plus,
A. baumanii ATCC 17978 NZ_CP012004,3239497,3239511,TTTCACGTTTTTACA,15,93.33,Plus,
A. baumanii ATCC 17978 NZ_CP012004,3259997,3260011,TTACAAAACATGACA,15,93.33,Plus,
A. baumanii ATCC 17978 NZ_CP012004,3292211,3292225,TTACAAAAAATTACG,15,93.33,Plus,
A. baumanii ATCC 17978 NZ_CP012004,3309249,3309263,TTACAGTTAATTTCA,15,93.33,Plus,
A. baumanii ATCC 17978 NZ_CP012004,3376345,3376359,TTACAACGAATTAAA,15,93.33,Plus,
A. baumanii ATCC 17978 NZ_CP012004,3403203,3403217,TTACATCATTTTAAA,15,93.33,Plus,
A. baumanii ATCC 17978 NZ_CP012004,3472402,3472416,TTATACGTTATTACA,15,93.33,Plus,
A. baumanii ATCC 17978 NZ_CP012004,3516860,3516874,TTAGATTTTCTTACA,15,93.33,Plus,
A. baumanii ATCC 17978 NZ_CP012004,3518863,3518877,TTACGTGCATTTACA,15,93.33,Plus,
A. baumanii ATCC 17978 NZ_CP012004,3520384,3520398,TTTCACATCATTACA,15,93.33,Plus,
A. baumanii ATCC 17978 NZ_CP012004,3531753,3531767,TCACATGCGATTACA,15,93.33,Plus,
A. baumanii ATCC 17978 NZ_CP012004,3533592,3533606,TTACGGTTAATTACA,15,93.33,Plus,
A. baumanii ATCC 17978 NZ_CP012004,3562860,3562874,TTACTGGCATTTACA,15,93.33,Plus,
A. baumanii ATCC 17978 NZ_CP012004,3566198,3566212,TTAAAAGAAATTACA,15,93.33,Plus,
A. baumanii ATCC 17978 NZ_CP012004,3579258,3579272,TTACATCCGCTTAAA,15,93.33,Plus,
A. baumanii ATCC 17978 NZ_CP012004,3599319,3599333,TTAAACGGTTTTACA,15,93.33,Plus,
A. baumanii ATCC 17978 NZ_CP012004,3650468,3650482,TTAAAGTGCTTTACA,15,93.33,Plus,
A. baumanii ATCC 17978 NZ_CP012004,3673497,3673511,TTCCATGCTGTTACA,15,93.33,Plus,
A. baumanii ATCC 17978 NZ_CP012004,3775623,3775637,TTACATACTGTAACA,15,93.33,Plus,
A. baumanii ATCC 17978 NZ_CP012004,3788339,3788353,TTACCAAGGTTTACA,15,93.33,Plus,
A. baumanii ATCC 17978 NZ_CP012004,3805693,3805707,TTACATATACTTAAA,15,93.33,Plus,
A. baumanii ATCC 17978 NZ_CP012004,3824636,3824650,TTAAAGTGCTTTACA,15,93.33,Plus,
A. baumanii ATCC 17978 NZ_CP012004,3833291,3833305,TTACAAAAAATAACA,15,93.33,Plus,
A. baumanii ATCC 17978 NZ_CP012004,3852126,3852140,TTACATGTGGTTGCA,15,93.33,Minus,
A. baumanii ATCC 17978 NZ_CP012004,3841832,3841846,TTAGACATAATTACA,15,93.33,Minus,
A. baumanii ATCC 17978 NZ_CP012004,3795802,3795816,TTACACGAAACTACA,15,93.33,Minus,
A. baumanii ATCC 17978 NZ_CP012004,3771862,3771876,TTACAATATATTAAA,15,93.33,Minus,
A. baumanii ATCC 17978 NZ_CP012004,3766638,3766652,TTACAAAAACTTTCA,15,93.33,Minus,
A. baumanii ATCC 17978 NZ_CP012004,3759354,3759368,TTACAGGCGATTACC,15,93.33,Minus,
A. baumanii ATCC 17978 NZ_CP012004,3726805,3726819,TTACAACTGATTGCA,15,93.33,Minus,
A. baumanii ATCC 17978 NZ_CP012004,3724995,3725009,TTACAGCTCATTGCA,15,93.33,Minus,
A. baumanii ATCC 17978 NZ_CP012004,3714497,3714511,TTACGCTAGCTTACA,15,93.33,Minus,
A. baumanii ATCC 17978 NZ_CP012004,3713294,3713308,TTACAAGTGCTTCCA,15,93.33,Minus,
A. baumanii ATCC 17978 NZ_CP012004,3696620,3696634,TTACACGGTATTCCA,15,93.33,Minus,
A. baumanii ATCC 17978 NZ_CP012004,3694603,3694617,TTACAAACCCTTGCA,15,93.33,Minus,
A. baumanii ATCC 17978 NZ_CP012004,3690167,3690181,TTACACCTGCTTGCA,15,93.33,Minus,
A. baumanii ATCC 17978 NZ_CP012004,3590447,3590461,TGACACTGGTTTACA,15,93.33,Minus,
A. baumanii ATCC 17978 NZ_CP012004,3586667,3586681,TTACAGGCAATTAAA,15,93.33,Minus,
A. baumanii ATCC 17978 NZ_CP012004,3580564,3580578,GTACATACAATTACA,15,93.33,Minus,
A. baumanii ATCC 17978 NZ_CP012004,3547390,3547404,TTACAAGCAATTACT,15,93.33,Minus,
A. baumanii ATCC 17978 NZ_CP012004,3516930,3516944,TCACATGGAATTACA,15,93.33,Minus,
A. baumanii ATCC 17978 NZ_CP012004,3504204,3504218,TTACAGATAGATACA,15,93.33,Minus,
A. baumanii ATCC 17978 NZ_CP012004,3472688,3472702,TTACATGTGGTAACA,15,93.33,Minus,
A. baumanii ATCC 17978 NZ_CP012004,3437128,3437142,TTACCATGGATTACA,15,93.33,Minus,
A. baumanii ATCC 17978 NZ_CP012004,3343381,3343395,TTACAGCCAGTTAAA,15,93.33,Minus,
A. baumanii ATCC 17978 NZ_CP012004,3323975,3323989,TTACAATTCTTTTCA,15,93.33,Minus,
A. baumanii ATCC 17978 NZ_CP012004,3311035,3311049,TTCCATTGCATTACA,15,93.33,Minus,
A. baumanii ATCC 17978 NZ_CP012004,3284872,3284886,TTACAAAGCTTTGCA,15,93.33,Minus,
A. baumanii ATCC 17978 NZ_CP012004,3264144,3264158,TTCCAGTCACTTACA,15,93.33,Minus,
A. baumanii ATCC 17978 NZ_CP012004,3263881,3263895,TTACAATACGTTGCA,15,93.33,Minus,
A. baumanii ATCC 17978 NZ_CP012004,3245607,3245621,TTACAGCACCTAACA,15,93.33,Minus,
A. baumanii ATCC 17978 NZ_CP012004,3241838,3241852,TTACACATTCGTACA,15,93.33,Minus,
A. baumanii ATCC 17978 NZ_CP012004,3239414,3239428,TTACAGACGCTAACA,15,93.33,Minus,
A. baumanii ATCC 17978 NZ_CP012004,3146102,3146116,TTACAGCAACTTATA,15,93.33,Minus,
A. baumanii ATCC 17978 NZ_CP012004,3103989,3104003,TTCCAAAAAATTACA,15,93.33,Minus,
A. baumanii ATCC 17978 NZ_CP012004,3103875,3103889,TTACAACTACTTCCA,15,93.33,Minus,
A. baumanii ATCC 17978 NZ_CP012004,3085808,3085822,TTACAGTTGCTTGCA,15,93.33,Minus,
A. baumanii ATCC 17978 NZ_CP012004,3075337,3075351,TTACAAGAACTTACT,15,93.33,Minus,
A. baumanii ATCC 17978 NZ_CP012004,3059488,3059502,TTACAAGCTATTCCA,15,93.33,Minus,
A. baumanii ATCC 17978 NZ_CP012004,3057535,3057549,TTACACTCACTTACC,15,93.33,Minus,
A. baumanii ATCC 17978 NZ_CP012004,3005609,3005623,ATACATATTTTTACA,15,93.33,Minus,
A. baumanii ATCC 17978 NZ_CP012004,2968097,2968111,TTACAACACGTTTCA,15,93.33,Minus,
A. baumanii ATCC 17978 NZ_CP012004,2948032,2948046,TTACAAGTCATTAAA,15,93.33,Minus,
A. baumanii ATCC 17978 NZ_CP012004,2944062,2944076,TTACAATGAATTATA,15,93.33,Minus,
A. baumanii ATCC 17978 NZ_CP012004,2914457,2914471,TTATAACCAATTACA,15,93.33,Minus,
A. baumanii ATCC 17978 NZ_CP012004,2871125,2871139,TTACAAGGTTTCACA,15,93.33,Minus,
A. baumanii ATCC 17978 NZ_CP012004,2870502,2870516,TTTCAGTGTTTTACA,15,93.33,Minus,
A. baumanii ATCC 17978 NZ_CP012004,2866296,2866310,TTTCAATGAATTACA,15,93.33,Minus,
A. baumanii ATCC 17978 NZ_CP012004,2861596,2861610,TGACATGGGATTACA,15,93.33,Minus,
A. baumanii ATCC 17978 NZ_CP012004,2858066,2858080,TTATATTTGCTTACA,15,93.33,Minus,
A. baumanii ATCC 17978 NZ_CP012004,2845066,2845080,TTACAATACATTCCA,15,93.33,Minus,
A. baumanii ATCC 17978 NZ_CP012004,2844104,2844118,TTACAGTAAATTAGA,15,93.33,Minus,
A. baumanii ATCC 17978 NZ_CP012004,2813886,2813900,TTACATGTAGATACA,15,93.33,Minus,
A. baumanii ATCC 17978 NZ_CP012004,2786268,2786282,TTAGATGCTTTTACA,15,93.33,Minus,
A. baumanii ATCC 17978 NZ_CP012004,2785167,2785181,TTCCATTTCATTACA,15,93.33,Minus,
A. baumanii ATCC 17978 NZ_CP012004,2760822,2760836,TTAAACCGTTTTACA,15,93.33,Minus,
A. baumanii ATCC 17978 NZ_CP012004,2759656,2759670,ATACATGGGTTTACA,15,93.33,Minus,
A. baumanii ATCC 17978 NZ_CP012004,2757736,2757750,TTACAGCGCCTTCCA,15,93.33,Minus,
A. baumanii ATCC 17978 NZ_CP012004,2710555,2710569,TTCCAAAAAATTACA,15,93.33,Minus,
A. baumanii ATCC 17978 NZ_CP012004,2633666,2633680,TTACATTCAGTTAAA,15,93.33,Minus,
A. baumanii ATCC 17978 NZ_CP012004,2619182,2619196,TTATAGCGGCTTACA,15,93.33,Minus,
A. baumanii ATCC 17978 NZ_CP012004,2595318,2595332,TTACTTGGGTTTACA,15,93.33,Minus,
A. baumanii ATCC 17978 NZ_CP012004,2591459,2591473,TTACACCTCATTCCA,15,93.33,Minus,
A. baumanii ATCC 17978 NZ_CP012004,2568767,2568781,TTACGCTTTTTTACA,15,93.33,Minus,
A. baumanii ATCC 17978 NZ_CP012004,2540133,2540147,TTACAACCGATTAAA,15,93.33,Minus,
A. baumanii ATCC 17978 NZ_CP012004,2533630,2533644,TTACATTGTTTTAAA,15,93.33,Minus,
A. baumanii ATCC 17978 NZ_CP012004,2533610,2533624,TTGCACTCAATTACA,15,93.33,Minus,
A. baumanii ATCC 17978 NZ_CP012004,2527978,2527992,TTACAGTTGATTTCA,15,93.33,Minus,
A. baumanii ATCC 17978 NZ_CP012004,2527232,2527246,TTACAAGACATTTCA,15,93.33,Minus,
A. baumanii ATCC 17978 NZ_CP012004,2502440,2502454,TTACGATTCTTTACA,15,93.33,Minus,
A. baumanii ATCC 17978 NZ_CP012004,2494665,2494679,TTTCACTCCTTTACA,15,93.33,Minus,
A. baumanii ATCC 17978 NZ_CP012004,2491349,2491363,TTACAGTTTTTTATA,15,93.33,Minus,
A. baumanii ATCC 17978 NZ_CP012004,2490623,2490637,TTACAGTATTTTATA,15,93.33,Minus,
A. baumanii ATCC 17978 NZ_CP012004,2453973,2453987,TTACAAAAATTAACA,15,93.33,Minus,
A. baumanii ATCC 17978 NZ_CP012004,2428804,2428818,TTGCATGACTTTACA,15,93.33,Minus,
A. baumanii ATCC 17978 NZ_CP012004,2428794,2428808,TTACAGGGACTTATA,15,93.33,Minus,
A. baumanii ATCC 17978 NZ_CP012004,2351354,2351368,TTACAAAAGCTTGCA,15,93.33,Minus,
A. baumanii ATCC 17978 NZ_CP012004,2312335,2312349,TTACAGTATTTTAAA,15,93.33,Minus,
A. baumanii ATCC 17978 NZ_CP012004,2309031,2309045,TTACACCGGGTGACA,15,93.33,Minus,
A. baumanii ATCC 17978 NZ_CP012004,2281607,2281621,TTACACGTCATCACA,15,93.33,Minus,
A. baumanii ATCC 17978 NZ_CP012004,2263377,2263391,TTATAAAACTTTACA,15,93.33,Minus,
A. baumanii ATCC 17978 NZ_CP012004,2227661,2227675,GTACAAACTTTTACA,15,93.33,Minus,
A. baumanii ATCC 17978 NZ_CP012004,2227137,2227151,TTACACTTATTTAGA,15,93.33,Minus,
A. baumanii ATCC 17978 NZ_CP012004,2220014,2220028,TTACATTACTTTTCA,15,93.33,Minus,
A. baumanii ATCC 17978 NZ_CP012004,2205443,2205457,TTACATGAATTTACT,15,93.33,Minus,
A. baumanii ATCC 17978 NZ_CP012004,2190645,2190659,TTCCAACCGATTACA,15,93.33,Minus,
A. baumanii ATCC 17978 NZ_CP012004,2177052,2177066,TTACATGAATTTTCA,15,93.33,Minus,
A. baumanii ATCC 17978 NZ_CP012004,2146716,2146730,TTACAGCCCATCACA,15,93.33,Minus,
A. baumanii ATCC 17978 NZ_CP012004,2133319,2133333,TTAAAGTTAATTACA,15,93.33,Minus,
A. baumanii ATCC 17978 NZ_CP012004,2115263,2115277,TTACAACAGCATACA,15,93.33,Minus,
A. baumanii ATCC 17978 NZ_CP012004,2070352,2070366,TTAAATATATTTACA,15,93.33,Minus,
A. baumanii ATCC 17978 NZ_CP012004,2054575,2054589,TTACATCATTTCACA,15,93.33,Minus,
A. baumanii ATCC 17978 NZ_CP012004,2050527,2050541,TTACAGGATTTTGCA,15,93.33,Minus,
A. baumanii ATCC 17978 NZ_CP012004,2047567,2047581,CTACAGCCAATTACA,15,93.33,Minus,
A. baumanii ATCC 17978 NZ_CP012004,2029658,2029672,TTAGAGACTGTTACA,15,93.33,Minus,
A. baumanii ATCC 17978 NZ_CP012004,2025831,2025845,TTACACGGCGTTCCA,15,93.33,Minus,
A. baumanii ATCC 17978 NZ_CP012004,2018760,2018774,GTACAAAAAGTTACA,15,93.33,Minus,
A. baumanii ATCC 17978 NZ_CP012004,2016498,2016512,TTACACAATTTAACA,15,93.33,Minus,
A. baumanii ATCC 17978 NZ_CP012004,2008292,2008306,TTATAATTTTTTACA,15,93.33,Minus,
A. baumanii ATCC 17978 NZ_CP012004,1966855,1966869,TTACAAAGCTCTACA,15,93.33,Minus,
A. baumanii ATCC 17978 NZ_CP012004,1953845,1953859,TTATATTAATTTACA,15,93.33,Minus,
A. baumanii ATCC 17978 NZ_CP012004,1952488,1952502,TTACACATTATTAAA,15,93.33,Minus,
A. baumanii ATCC 17978 NZ_CP012004,1950279,1950293,TTACTCGCTGTTACA,15,93.33,Minus,
A. baumanii ATCC 17978 NZ_CP012004,1937627,1937641,TTACAAAATATTAGA,15,93.33,Minus,
A. baumanii ATCC 17978 NZ_CP012004,1922689,1922703,TTAAATTGCTTTACA,15,93.33,Minus,
A. baumanii ATCC 17978 NZ_CP012004,1916593,1916607,TTTCATTTAATTACA,15,93.33,Minus,
A. baumanii ATCC 17978 NZ_CP012004,1881845,1881859,TTACAAGTAATTAAA,15,93.33,Minus,
A. baumanii ATCC 17978 NZ_CP012004,1857405,1857419,TTTCATTTAATTACA,15,93.33,Minus,
A. baumanii ATCC 17978 NZ_CP012004,1822899,1822913,TTACAGGCTTTAACA,15,93.33,Minus,
A. baumanii ATCC 17978 NZ_CP012004,1767817,1767831,TTACAGTAAGTTTCA,15,93.33,Minus,
A. baumanii ATCC 17978 NZ_CP012004,1763583,1763597,TTACTTTTGCTTACA,15,93.33,Minus,
A. baumanii ATCC 17978 NZ_CP012004,1750329,1750343,TTACATGTCTTTAGA,15,93.33,Minus,
A. baumanii ATCC 17978 NZ_CP012004,1746213,1746227,TTACAGATAATTTCA,15,93.33,Minus,
A. baumanii ATCC 17978 NZ_CP012004,1727997,1728011,TTAAATGTAATTACA,15,93.33,Minus,
A. baumanii ATCC 17978 NZ_CP012004,1727930,1727944,TTACAAAAAATTAAA,15,93.33,Minus,
A. baumanii ATCC 17978 NZ_CP012004,1700629,1700643,TTACAGAAAATTATA,15,93.33,Minus,
A. baumanii ATCC 17978 NZ_CP012004,1659370,1659384,TTACAACTATCTACA,15,93.33,Minus,
A. baumanii ATCC 17978 NZ_CP012004,1626500,1626514,TTACTTACATTTACA,15,93.33,Minus,
A. baumanii ATCC 17978 NZ_CP012004,1553749,1553763,TTACAACGCTTTTCA,15,93.33,Minus,
A. baumanii ATCC 17978 NZ_CP012004,1546401,1546415,TTACAAAATATTAAA,15,93.33,Minus,
A. baumanii ATCC 17978 NZ_CP012004,1519066,1519080,TCACAATGGTTTACA,15,93.33,Minus,
A. baumanii ATCC 17978 NZ_CP012004,1504147,1504161,TTACATTGGCTTGCA,15,93.33,Minus,
A. baumanii ATCC 17978 NZ_CP012004,1492394,1492408,TTACATTTTATTAGA,15,93.33,Minus,
A. baumanii ATCC 17978 NZ_CP012004,1470185,1470199,TTACCTTCCATTACA,15,93.33,Minus,
A. baumanii ATCC 17978 NZ_CP012004,1454940,1454954,TGACAACGGTTTACA,15,93.33,Minus,
A. baumanii ATCC 17978 NZ_CP012004,1438274,1438288,TTACACATGAATACA,15,93.33,Minus,
A. baumanii ATCC 17978 NZ_CP012004,1348665,1348679,TTACATCATTTTACG,15,93.33,Minus,
A. baumanii ATCC 17978 NZ_CP012004,1288046,1288060,TTGCATGGACTTACA,15,93.33,Minus,
A. baumanii ATCC 17978 NZ_CP012004,1285344,1285358,TTACATTTGGTTCCA,15,93.33,Minus,
A. baumanii ATCC 17978 NZ_CP012004,1275816,1275830,TAACAGGTAATTACA,15,93.33,Minus,
A. baumanii ATCC 17978 NZ_CP012004,1264035,1264049,TTATAATCAATTACA,15,93.33,Minus,
A. baumanii ATCC 17978 NZ_CP012004,1227086,1227100,TTACACGCTATTAAA,15,93.33,Minus,
A. baumanii ATCC 17978 NZ_CP012004,1224979,1224993,TTGCAGCATGTTACA,15,93.33,Minus,
A. baumanii ATCC 17978 NZ_CP012004,1210902,1210916,TTACAGCATCTTTCA,15,93.33,Minus,
A. baumanii ATCC 17978 NZ_CP012004,1201276,1201290,TTTCAGGCGTTTACA,15,93.33,Minus,
A. baumanii ATCC 17978 NZ_CP012004,1191104,1191118,TTACATCAAGTTGCA,15,93.33,Minus,
A. baumanii ATCC 17978 NZ_CP012004,1174463,1174477,TTACCACCCGTTACA,15,93.33,Minus,
A. baumanii ATCC 17978 NZ_CP012004,1171966,1171980,TTAAAGTTACTTACA,15,93.33,Minus,
A. baumanii ATCC 17978 NZ_CP012004,1167944,1167958,TTACGTAATTTTACA,15,93.33,Minus,
A. baumanii ATCC 17978 NZ_CP012004,1163724,1163738,TTACCTCGGGTTACA,15,93.33,Minus,
A. baumanii ATCC 17978 NZ_CP012004,1158645,1158659,TTACAATTGCTTTCA,15,93.33,Minus,
A. baumanii ATCC 17978 NZ_CP012004,1145284,1145298,TTAGAATCTGTTACA,15,93.33,Minus,
A. baumanii ATCC 17978 NZ_CP012004,1085159,1085173,TTACAAAAAATTAAA,15,93.33,Minus,
A. baumanii ATCC 17978 NZ_CP012004,1081074,1081088,TTACAACAACTTGCA,15,93.33,Minus,
A. baumanii ATCC 17978 NZ_CP012004,1064543,1064557,TTAAACTTTTTTACA,15,93.33,Minus,
A. baumanii ATCC 17978 NZ_CP012004,1044686,1044700,TTATACGGGTTTACA,15,93.33,Minus,
A. baumanii ATCC 17978 NZ_CP012004,1044014,1044028,TTTCATGAGCTTACA,15,93.33,Minus,
A. baumanii ATCC 17978 NZ_CP012004,1032318,1032332,TTACAGATCATAACA,15,93.33,Minus,
A. baumanii ATCC 17978 NZ_CP012004,984398,984412,TTACAGTAGCGTACA,15,93.33,Minus,
A. baumanii ATCC 17978 NZ_CP012004,980824,980838,TTACATTGTACTACA,15,93.33,Minus,
A. baumanii ATCC 17978 NZ_CP012004,974657,974671,TTAAAGCCGATTACA,15,93.33,Minus,
A. baumanii ATCC 17978 NZ_CP012004,900207,900221,TTAAATACATTTACA,15,93.33,Minus,
A. baumanii ATCC 17978 NZ_CP012004,885590,885604,TTACAGCAGCTTAAA,15,93.33,Minus,
A. baumanii ATCC 17978 NZ_CP012004,871604,871618,TTACAGCGTCTTATA,15,93.33,Minus,
A. baumanii ATCC 17978 NZ_CP012004,871594,871608,TTATAAAAACTTACA,15,93.33,Minus,
A. baumanii ATCC 17978 NZ_CP012004,866644,866658,ATACAAAAGTTTACA,15,93.33,Minus,
A. baumanii ATCC 17978 NZ_CP012004,813234,813248,TTACAAATATTTAGA,15,93.33,Minus,
A. baumanii ATCC 17978 NZ_CP012004,803181,803195,TTAGAGGGACTTACA,15,93.33,Minus,
A. baumanii ATCC 17978 NZ_CP012004,802479,802493,TTACCAGCAGTTACA,15,93.33,Minus,
A. baumanii ATCC 17978 NZ_CP012004,759552,759566,ATACAAGAGCTTACA,15,93.33,Minus,
A. baumanii ATCC 17978 NZ_CP012004,755357,755371,TTACAAACAGTTAAA,15,93.33,Minus,
A. baumanii ATCC 17978 NZ_CP012004,746782,746796,TTACACCGTCTTTCA,15,93.33,Minus,
A. baumanii ATCC 17978 NZ_CP012004,726432,726446,TTAAAACAGTTTACA,15,93.33,Minus,
A. baumanii ATCC 17978 NZ_CP012004,717116,717130,TTACACTACCTTTCA,15,93.33,Minus,
A. baumanii ATCC 17978 NZ_CP012004,694956,694970,TTACCGTCATTTACA,15,93.33,Minus,
A. baumanii ATCC 17978 NZ_CP012004,685537,685551,TTGCAGCCTGTTACA,15,93.33,Minus,
A. baumanii ATCC 17978 NZ_CP012004,679144,679158,TTACAGTCACTTGCA,15,93.33,Minus,
A. baumanii ATCC 17978 NZ_CP012004,661543,661557,TTACAATCACTTGCA,15,93.33,Minus,
A. baumanii ATCC 17978 NZ_CP012004,602983,602997,TTAAAAACTTTTACA,15,93.33,Minus,
A. baumanii ATCC 17978 NZ_CP012004,602973,602987,TTACAGTTTTCTACA,15,93.33,Minus,
A. baumanii ATCC 17978 NZ_CP012004,602158,602172,TTACAGTTGATTTCA,15,93.33,Minus,
A. baumanii ATCC 17978 NZ_CP012004,601001,601015,TCACAAGAGATTACA,15,93.33,Minus,
A. baumanii ATCC 17978 NZ_CP012004,600464,600478,TTACATTTATTAACA,15,93.33,Minus,
A. baumanii ATCC 17978 NZ_CP012004,587666,587680,TTACAAGCGCTTAAA,15,93.33,Minus,
A. baumanii ATCC 17978 NZ_CP012004,586071,586085,TTACATCCGCTTAAA,15,93.33,Minus,
A. baumanii ATCC 17978 NZ_CP012004,541211,541225,TTATAAACGATTACA,15,93.33,Minus,
A. baumanii ATCC 17978 NZ_CP012004,528761,528775,TTAAAGTGCTTTACA,15,93.33,Minus,
A. baumanii ATCC 17978 NZ_CP012004,496601,496615,TTAAAGTGCTTTACA,15,93.33,Minus,
A. baumanii ATCC 17978 NZ_CP012004,460456,460470,TTACAGACCATTTCA,15,93.33,Minus,
A. baumanii ATCC 17978 NZ_CP012004,419375,419389,TTACGCATTATTACA,15,93.33,Minus,
A. baumanii ATCC 17978 NZ_CP012004,362444,362458,TTATAGGTATTTACA,15,93.33,Minus,
A. baumanii ATCC 17978 NZ_CP012004,358728,358742,TTAGAACAAGTTACA,15,93.33,Minus,
A. baumanii ATCC 17978 NZ_CP012004,357721,357735,TTACAACAAGTTAAA,15,93.33,Minus,
A. baumanii ATCC 17978 NZ_CP012004,354171,354185,TTCCAACGTTTTACA,15,93.33,Minus,
A. baumanii ATCC 17978 NZ_CP012004,342742,342756,TTACAAGAACTTACT,15,93.33,Minus,
A. baumanii ATCC 17978 NZ_CP012004,306851,306865,TTACATTTGGTTAAA,15,93.33,Minus,
A. baumanii ATCC 17978 NZ_CP012004,291678,291692,TTACAAAAAATAACA,15,93.33,Minus,
A. baumanii ATCC 17978 NZ_CP012004,285674,285688,TTTCATATATTTACA,15,93.33,Minus,
A. baumanii ATCC 17978 NZ_CP012004,284957,284971,TTACTTCAATTTACA,15,93.33,Minus,
A. baumanii ATCC 17978 NZ_CP012004,265344,265358,TTACAACACCTTGCA,15,93.33,Minus,
A. baumanii ATCC 17978 NZ_CP012004,243790,243804,TTTCACTTCCTTACA,15,93.33,Minus,
A. baumanii ATCC 17978 NZ_CP012004,232987,233001,TTACAGGACTTTCCA,15,93.33,Minus,
A. baumanii ATCC 17978 NZ_CP012004,199958,199972,TTACAGGCCTTTTCA,15,93.33,Minus,
A. baumanii ATCC 17978 NZ_CP012004,188140,188154,TTAAATATAGTTACA,15,93.33,Minus,
A. baumanii ATCC 17978 NZ_CP012004,73348,73362,TTCCACAGGTTTACA,15,93.33,Minus,
A. baumanii ATCC 17978 NZ_CP012004,36605,36619,TTAAATGCTTTTACA,15,93.33,Minus,
A. baumanii ATCC 17978 NZ_CP012004,18720,18734,TTAAAGTGCTTTACA,15,93.33,Minus,
A. baumanii ATCC 17978 NZ_CP012004,8971,8985,TTAGATGCAATTACA,15,93.33,Minus,